ID,Posted at,Screen name,Text,RoR?
305393643114594000,2013-02-23 19:08:13 +0000,YoussOfficiel19,@GalsToGals @vtina75 Je Te Jette ton sac sur les rails,no
305393584759267000,2013-02-23 19:07:59 +0000,daveburkevt,Blogged: Rails Configuration Issue: /rails/info/properties not found http://t.co/vM0driOQ8C,yes
305393558154789000,2013-02-23 19:07:52 +0000,MoonLightRSS1,–ß—Ç–æ –Ω–æ–≤–æ–≥–æ –≤ Rails 4 http://t.co/AMG7DbBIAQ,yes
305393031874507000,2013-02-23 19:05:47 +0000,CosmoManley,Ror developers jasper straddleback rails computer engineer are accessible insofar as hiring: .xTp http://t.co/Eme9agYkO7,yes
305392815024792000,2013-02-23 19:04:55 +0000,winplaton,"Obama rails against his own sequestration plan. HE lights the fuse, then blames others for allowing the charge to blow. #hewitt #tcot",no
305392554130694000,2013-02-23 19:03:53 +0000,carys_lorraine,i got dumped once and i went off the rails and slit my eyebrow,no
305392357728207000,2013-02-23 19:03:06 +0000,FreePcShopper,2new server rails/ racks obo (Fayetteville) - $350:  I have a new set of server racks that i'm selling at 175.... http://t.co/dxPwtEFb9M,yes
305392319413252000,2013-02-23 19:02:57 +0000,BlogSazzles,@miapoops not really. I used to eat it before however went off the rails and back to white. It's nice. Stayed off the cheese too. Woo! X,no
305392253906600000,2013-02-23 19:02:41 +0000,BatesLine,"RT @SeinfeldToday: Southwest Airlines bans Kramer after he led a revolt against ""the fat cats in Boarding Group A."" Elaine rails against ""tights as pants.""",no
305392177062765000,2013-02-23 19:02:23 +0000,HarvickMan,@jennb5x48 Awesome shot of K-Harv chillaxin! Haha. My boy has really been on rails this Speedweeks.,no
305391796807139000,2013-02-23 19:00:52 +0000,3rdWardBrooklyn,A former 3rd Ward professor put together this Ruby on Rails wiki for those looking to get down & learn some code: http://t.co/aHQeynyi3K,yes
305391729626976000,2013-02-23 19:00:36 +0000,rubygems,bookkeeper (0.0.1.beta2): http://t.co/vpvBpRka2a Bokkeeper is a Rails mountable engine with Twitter Bootstrap compatible markup.,yes
305391595992261000,2013-02-23 19:00:05 +0000,jorge_maiden,"[Rails] ‚Äì ActionController, Controladores, routing, cache y otras cosas, II Parte http://t.co/OR0j4ZeV3i #Frameworks",yes
305391590363521000,2013-02-23 19:00:03 +0000,jonikorpi,RT @jasonfried: Prodesigngramming: http://t.co/qJKA0hCLij,no
305391389951283000,2013-02-23 18:59:15 +0000,mabelening,@EpiphanyReality The argument was off the rails from beginning tbh. And am I the only one SICK of the 'If Aaliyah was alive...' Tweets??,no
305391327535837000,2013-02-23 18:59:01 +0000,2SAStudio,Build a Rails app in your browser with Cloud9 http://t.co/vG03pQfbp0,yes
305391200519733000,2013-02-23 18:58:30 +0000,Bertoabreu,Now hiring: Ruby On Rails Developer http://t.co/nZ1LfFBxoM,yes
305390868792213000,2013-02-23 18:57:11 +0000,BFarris84,Yo i been grinding so long the rails feel off,no
305390848584057000,2013-02-23 18:57:06 +0000,Jack_Greaves,Grinding rails is the good shit,no
305390777863897000,2013-02-23 18:56:49 +0000,Uriel_Hedz,"Laravel parece s√≠ parecerse considerablemente a Rails, genial. Tienen algo muuy parecido al ActiveRecord :itsshomething:",yes
305390706334241000,2013-02-23 18:56:32 +0000,juleslea,@KatieNertney Taking clothes off rails is the shopping equivalent of weight lifting so I think it's fine! ;-) Hope you're good. :-) xxx,no
305390287386202000,2013-02-23 18:54:53 +0000,stevegood,Road testing the time lapse robot today.  Hoping to build the platform and finish the rails too. @ The‚Ä¶ http://t.co/QGYo6QRgrT,no
305390175964504000,2013-02-23 18:54:26 +0000,daw___,This saved my day ==> Bundle error in Ruby on rails - Stack Overflow http://t.co/TDhv6OJXQq #ruby #amazonaws #jekyll,yes
305390012344701000,2013-02-23 18:53:47 +0000,mfollett,RT @lucasmazza: Devise and Rails tagged logging sitting in a tree: https://t.co/srBCwS8dkH /cc @hugobarauna @josevalim,yes
305389617996239000,2013-02-23 18:52:13 +0000,LexiCHanks,Yea yea just got the trick I've been jonesin for all season: front swaps on rails #stoweked #satisfied,no
305389558042878000,2013-02-23 18:51:59 +0000,billy_turner_,@kapqh4 @BJTheRealJR @John_Young87 @DJH1090 When we use the mules and carts we keep the rails wet for minimal friction  #ThingsINeverLearned,no
305389360159805000,2013-02-23 18:51:11 +0000,OliviaLeigh_XO,@MatMels your off the rails again you pal,no
305389235416994000,2013-02-23 18:50:42 +0000,Leehweb,"RT @TwiVotacoes: Walked the rails.
Rode her thumb.
She hitched a ride with everyone
#KCA #VoteKStewForButtkicker",no
305389230983627000,2013-02-23 18:50:41 +0000,excid3,RT @lucasmazza: Devise and Rails tagged logging sitting in a tree: https://t.co/srBCwS8dkH /cc @hugobarauna @josevalim,yes
305389048929870000,2013-02-23 18:49:57 +0000,babengalsfan,"RT @votto19mlb: ""All Aboard, hahahahahaha, we running down the rails of the 'Votto' train"" @Votto_McCutchen @nastyboysclub
84% #JoeyVotto
@Reds",no
305388711267422000,2013-02-23 18:48:37 +0000,josevalim,RT @lucasmazza: Devise and Rails tagged logging sitting in a tree: https://t.co/srBCwS8dkH /cc @hugobarauna @josevalim,yes
305388631844086000,2013-02-23 18:48:18 +0000,sof_ruby,"How do I test nested resources using Fixtures? (Ruby on Rails): When learning Rails, I created an application ... http://t.co/pKieUj7rl6",yes
305388566870127000,2013-02-23 18:48:02 +0000,DevilMoriarty,"@Tiger_Seb *sits on the rails as I smoke, hoping you'll be alright*",no
305388415032123000,2013-02-23 18:47:26 +0000,Joanamg21,"RT @Clodiacesario: Ohhh quand on marchait sur les rails du tram on √©tait l√† ""thuuuug lifeeee"" üòÇüòÇüòÇüòÇüòÇüòÇüòÇüòÇ trop stupide",no
305388265886867000,2013-02-23 18:46:51 +0000,kapqh4,@BJTheRealJR @billy_turner_ @John_Young87 @DJH1090 do you have sanded rails?,no
305388251810763000,2013-02-23 18:46:47 +0000,MsBaird,@RandyPCD I love the sermon gaurd rails and I love LifeAustin. Can't wait to make it my Church Home.,no
305388178766954000,2013-02-23 18:46:30 +0000,stanfordtj,"RT @votto19mlb: ""All Aboard, hahahahahaha, we running down the rails of the 'Votto' train"" @Votto_McCutchen @nastyboysclub
84% #JoeyVotto
@Reds",no
305387706664485000,2013-02-23 18:44:37 +0000,dkubb,@handiwiguna @_solnic_ For work I'm using DM1 and Rails. For my side projects I use Rack or Sinatra and parts of DM2.,yes
305387430704456000,2013-02-23 18:43:31 +0000,blaz_boy,Anyone knows a solution for #rails commands slowness on #windows ?,yes
305387332989772000,2013-02-23 18:43:08 +0000,buckmans,"Groms are dropping in! Hitting rails and going big off the jumps! Competition's tight, gotta step up big to win those prizes! #bbash13",no
305387159496581000,2013-02-23 18:42:27 +0000,catrionamutch,@RUN_DEMC the fact that most of my clothes have overflowed onto multiple rails!!,no
305387123664642000,2013-02-23 18:42:18 +0000,thegamersarmory,"We have some new Games in our Store Library!!!  Here is a list:

India Rails
1830 R&R Barons
Catan Junion
Catan... http://t.co/JrRKrJ8ADf",no
305386963115074000,2013-02-23 18:41:40 +0000,burkelibbey,"In the past 13 months, Winnipeg Rails developers have moved to: SF, NYC, North Carolina, and now Berlin. Hooray brain drain!",yes
305386783523365000,2013-02-23 18:40:57 +0000,lorgon111,"@LZmiljoona - I'll do a few more streams over the next week.  BTW, I borrowed your rails-to-pick-up-drops design :)",no
305386728896745000,2013-02-23 18:40:44 +0000,trek,"RT @bjburton: ""Put EmberJS controllers/models/views in Rails' app/* folders"": https://t.co/BYWtLEN8Ju cc/ @trek",yes
305386669136286000,2013-02-23 18:40:30 +0000,Genevieve0404,"Favstar is hiring a ""Junior Rails Developer."" Am I the only 1 predicting the outcome of this job & is running people out of town optional?",yes
305386659753636000,2013-02-23 18:40:28 +0000,Clodiacesario,"Ohhh quand on marchait sur les rails du tram on √©tait l√† ""thuuuug lifeeee"" üòÇüòÇüòÇüòÇüòÇüòÇüòÇüòÇ trop stupide",no
305386486805701000,2013-02-23 18:39:46 +0000,helstweets,"In other news, I love these little fellas who hold up the rails for @DLRLondon  http://t.co/SZxaafFzA8 http://t.co/WJqaLsmGI9",no
305386383537734000,2013-02-23 18:39:22 +0000,DuaneBonifer,"RT @votto19mlb: ""All Aboard, hahahahahaha, we running down the rails of the 'Votto' train"" @Votto_McCutchen @nastyboysclub
84% #JoeyVotto
@Reds",no
305386203597914000,2013-02-23 18:38:39 +0000,bjburton,"""Put EmberJS controllers/models/views in Rails' app/* folders"": https://t.co/BYWtLEN8Ju cc/ @trek",yes
305386150380597000,2013-02-23 18:38:26 +0000,RandallMauro2,The bank regarding warm circumstantial rails fostering: .gGx http://t.co/yHIFsiT5aQ,no
305386135864082000,2013-02-23 18:38:23 +0000,GateBuilder,"Go Wide with Vinyl - Face Your GateBuilder Frame with Vinyl pickets, slats, rails or panels - It's So Easy! http://t.co/ZeEMiZc8sI",no
305386007400940000,2013-02-23 18:37:52 +0000,I_Sell_Drywall,"RT @votto19mlb: ""All Aboard, hahahahahaha, we running down the rails of the 'Votto' train"" @Votto_McCutchen @nastyboysclub
84% #JoeyVotto
@Reds",no
305385931890901000,2013-02-23 18:37:34 +0000,Celinoush_,"Ah, et aussi une autre fille de mon coll√®ge qui mets des photos d'elle allong√©e en plein milieu de la route ou sur des rails.",no
305385906938991000,2013-02-23 18:37:28 +0000,ksetrin,RT @habrahabr: –ß—Ç–æ –Ω–æ–≤–æ–≥–æ –≤ Rails 4 http://t.co/cEQvUqJvaA,yes
305385677221159000,2013-02-23 18:36:33 +0000,bherzog2010,"RT @votto19mlb: ""All Aboard, hahahahahaha, we running down the rails of the 'Votto' train"" @Votto_McCutchen @nastyboysclub
84% #JoeyVotto
@Reds",no
305385382214762000,2013-02-23 18:35:23 +0000,deeelle64,@flynnkatie OMG. Someone needs to get a grip in that video. Off the rails.,no
305385329509167000,2013-02-23 18:35:10 +0000,tiernankennedy,@johnconnorzach @vivekvasani #rails (@ The Flatiron School) http://t.co/lrCOhWi2pe,no
305385317005918000,2013-02-23 18:35:08 +0000,Laura_Deer,except that one we used to make a billion of rails,no
305385291588436000,2013-02-23 18:35:01 +0000,bigfoot03242,I liked a @YouTube video http://t.co/3dzvKCNIca Bill Maher: GOP Didn't Suddenly Go Off The Rails Always Been Weird Mix of Jesus,no
305385162269671000,2013-02-23 18:34:31 +0000,CANARYorg,RT @PatDollard: Ex Secret Service Agent and Former Maryland Senate Candidate Rails Against Gun Control http://t.co/zWmleimqgr #tcot,no
305385087829176000,2013-02-23 18:34:13 +0000,belozor,RT @habrahabr: –ß—Ç–æ –Ω–æ–≤–æ–≥–æ –≤ Rails 4 http://t.co/cEQvUqJvaA,yes
305384967305830000,2013-02-23 18:33:44 +0000,StateTwilight,#KCA #VoteRobertUK Walked the rails,no
305384550387814000,2013-02-23 18:32:05 +0000,emilyrodgersss,@miaeliseh two rails of clear rail in the first hour while on fitting room...me neither #notcool,no
305384352257302000,2013-02-23 18:31:18 +0000,juniovitorino,Learning Rails made me a better designer -  http://t.co/SKJ4YC3jcD,yes
305384313925550000,2013-02-23 18:31:08 +0000,VictorKidd1,"""The floors are shiny, but the rails are dirty"" @ Deptford Mall: http://t.co/RH6Z0InC8l #foursquare",no
305384159340282000,2013-02-23 18:30:32 +0000,vevlynspen,"WHO‚ÄôS AFRAID OF VIRGINIA WOOLF:  .. before things begin to go off the rails, #theater, #broadway, #vwri, #vevlynspen
 http://t.co/VFopoeq0oq",no
305384159252201000,2013-02-23 18:30:31 +0000,VWri,"WHO‚ÄôS AFRAID OF VIRGINIA WOOLF:  .. before things begin to go off the rails, #theater, #broadway, #vwri, #vevlynspen
 http://t.co/ifIQiI99mn",no
305384134275125000,2013-02-23 18:30:26 +0000,findmjob,Senior DevOps Engineer http://t.co/YqTviAQmzC #InformationTechnology #rails #jobs #hiring #careers,yes
305384113932734000,2013-02-23 18:30:21 +0000,DeutscheJobs,"Senior Ruby on Rails Developer in Munich, Germany http://t.co/v9sHN0J4Q5 #job",yes
305384089077309000,2013-02-23 18:30:15 +0000,craigcsruk,@code1up no I patched it in myself. Didn't take long as I had already done it in Ruby n rails the other month,yes
305384066851672000,2013-02-23 18:30:09 +0000,juniovitorino,RT @dhh: Designers should know enough programming to string together their own prototypes: http://t.co/vN4K03T3mM,yes
305384016926888000,2013-02-23 18:29:58 +0000,EdinFreegle,TAKEN: Variety of short curtain rails (EH4) http://t.co/pDuK0qcTdR,no
305383732389491000,2013-02-23 18:28:50 +0000,cars_qna,"""how  to install 76 camaro drip rails?"" http://t.co/WQ7ZpCJk0m",no
305383572817207000,2013-02-23 18:28:12 +0000,Sbansal100,"‚Äú@FuckkAnthonyy: ""@Sbansal100: @highzea buying $1 saws and unknobbing rails"" IT'S GONNA WOOOOORK‚Äù I HAVEN'T DONE IT BEFOREEE",no
305383427119665000,2013-02-23 18:27:37 +0000,highzea,"RT @FuckkAnthonyy: ""@Sbansal100: @highzea buying $1 saws and unknobbing rails"" IT'S GONNA WOOOOORK",no
305383289605194000,2013-02-23 18:27:04 +0000,FuckkAnthonyy,"""@Sbansal100: @highzea buying $1 saws and unknobbing rails"" IT'S GONNA WOOOOORK",no
305383205719130000,2013-02-23 18:26:44 +0000,sirabramov71,–ß—Ç–æ –Ω–æ–≤–æ–≥–æ –≤ Rails 4:  –ß–µ—Ç–≤—ë—Ä—Ç–∞—è –≤–µ—Ä—Å–∏—è —Ñ—Ä–µ–π–º–≤–æ—Ä–∫–∞ Ruby on Rails —É–∂–µ –Ω–µ –∑–∞ –≥–æ—Ä–∞–º–∏. –•–æ—Ç—è –æ—Ñ–∏—Ü–∏–∞–ª—å–Ω–æ–π –¥–∞—Ç—ã —Ä–µ–ª–∏–∑... http://t.co/iWzmrTEpZr,yes
305383204267893000,2013-02-23 18:26:44 +0000,presstwi,–ß—Ç–æ –Ω–æ–≤–æ–≥–æ –≤ Rails 4 http://t.co/pdPRE5BJYp,yes
305383202355294000,2013-02-23 18:26:43 +0000,Vtboren,–ß—Ç–æ –Ω–æ–≤–æ–≥–æ –≤ Rails 4:  –ß–µ—Ç–≤—ë—Ä—Ç–∞—è –≤–µ—Ä—Å–∏—è —Ñ—Ä–µ–π–º–≤–æ—Ä–∫–∞ Ruby on Rails —É–∂–µ –Ω–µ –∑–∞ –≥–æ—Ä–∞–º–∏. –•–æ—Ç—è –æ—Ñ–∏—Ü–∏–∞–ª—å–Ω–æ–π –¥–∞—Ç—ã —Ä–µ–ª–∏–∑... http://t.co/XP1NvGzvL2,yes
305383193211703000,2013-02-23 18:26:41 +0000,LarsTHansen,"What The #Rails #Security #Issue Means For Your #Startup 
http://t.co/j0cNVhnNCB - If you don't use Rails read it anyway | #web #security",yes
305383072847761000,2013-02-23 18:26:12 +0000,justin_millican,"RT @JWalton_7: @justin_millican same here, going completely off the rails",no
305382970510934000,2013-02-23 18:25:48 +0000,101byben,–ß—Ç–æ –Ω–æ–≤–æ–≥–æ –≤ Rails 4 http://t.co/jtYQxxw5A3 #–≤–µ–±—Ä–∞–∑—Ä–∞–±–æ—Ç–∫–∞ #rubyonrails #–±–ª–æ–≥–∫–æ–º–ø–∞–Ω–∏–∏engineyard #rubyonrails4 #rails4,yes
305382840487535000,2013-02-23 18:25:17 +0000,JWalton_7,"@justin_millican same here, going completely off the rails",no
305382817972494000,2013-02-23 18:25:12 +0000,berthojoris,Open Source Rails: a curated repository of open source Rails projects - http://t.co/F9HEUEDZNP,yes
305382769486348000,2013-02-23 18:25:00 +0000,lorislaMaSC0tte,@JohannaOkonma mdrrrr rails,no
305382524719337000,2013-02-23 18:24:02 +0000,arhbizz,–ß—Ç–æ –Ω–æ–≤–æ–≥–æ –≤ Rails 4:  –ß–µ—Ç–≤—ë—Ä—Ç–∞—è –≤–µ—Ä—Å–∏—è —Ñ—Ä–µ–π–º–≤–æ—Ä–∫–∞ Ruby on Rails —É–∂–µ –Ω–µ –∑–∞ –≥–æ—Ä–∞–º–∏. –•–æ—Ç—è –æ—Ñ–∏—Ü–∏–∞–ª—å–Ω–æ–π –¥–∞—Ç—ã —Ä–µ–ª–∏–∑... http://t.co/i4IYKUk04u,yes
305382354166358000,2013-02-23 18:23:21 +0000,milkcocoa,„ÇÇ„ÅÜ‰∏Ä„Å§ Grape „Éç„Çø„ÇíÊäïÁ®ø„Åó„Å¶„Åø„Çã„ÄÇ „ÄåGrape „Åß„ÅÆ mass assignment ÂØæÁ≠ñ #grape #Rails #strong_parameters - Qiita„Äç http://t.co/TkgF1qrUKV,yes
305382215104225000,2013-02-23 18:22:48 +0000,MaxBulger,All the Java devs that were so vocal about the Rails security loophole a month back are curiously quiet today. http://t.co/c6RH1CTzLv,yes
305382203808948000,2013-02-23 18:22:45 +0000,MoonLightRSS1,–ß—Ç–æ –Ω–æ–≤–æ–≥–æ –≤ Rails 4 http://t.co/AMG7DbBIAQ,yes
305382198884852000,2013-02-23 18:22:44 +0000,npokpyct,–ß—Ç–æ –Ω–æ–≤–æ–≥–æ –≤ Rails 4 http://t.co/5qx61iqBea,yes
305382191704199000,2013-02-23 18:22:42 +0000,REGGIE_HILLS,GRINDING!!!  Riding them rails to a meeting.. #TeamNoRest.. http://t.co/VL589HXYj2,no
305382081503039000,2013-02-23 18:22:16 +0000,TheGingerMegan,RT @elisabethmayx: Haggartys off the rails,no
305382073697440000,2013-02-23 18:22:14 +0000,Danny_J_Tennant,"As the cigarette smoke inhales, I'm going off the rails",no
305382060221145000,2013-02-23 18:22:11 +0000,bi_textual,"@0pheliac_ .....too tight a grip on a teenager = going totally off the rails, I did everything I wasn't supposed to except theft.",no
305382036070339000,2013-02-23 18:22:05 +0000,RailUKForums,"Bull Head Rail length: Does anywhere in the country use BH rails of a size other than 60ft as standard? 
 
Jus... http://t.co/JZgNvrDElC",no
305382015434379000,2013-02-23 18:22:00 +0000,SaraMechell,"Protip, don't hold the rails of the treadmill while running. That's asking for it. #runnerbliss",no
305381996295762000,2013-02-23 18:21:56 +0000,technomany,–ß—Ç–æ –Ω–æ–≤–æ–≥–æ –≤ Rails 4,yes
305381994232152000,2013-02-23 18:21:55 +0000,habrahabr,–ß—Ç–æ –Ω–æ–≤–æ–≥–æ –≤ Rails 4 http://t.co/cEQvUqJvaA,yes
305381885574513000,2013-02-23 18:21:29 +0000,Hley_LaMechante,ya tro dsuicide sur ls rails des trains des fois jessaye dimaginer si jvoit un gar sauter Quand mn train arrive la gifle ki va recevoir,no
305381883401892000,2013-02-23 18:21:29 +0000,airsoull,@Uriel_Hedz Yii esta basado en Rails,yes
305381813780619000,2013-02-23 18:21:12 +0000,RandomJazz,Do I blame myself for having sooo many clothes or do I blame the damn rails?,no
305381792322552000,2013-02-23 18:21:07 +0000,elisabethmayx,Haggartys off the rails,no
305381769711088000,2013-02-23 18:21:02 +0000,Winnutar,–ß—Ç–æ –Ω–æ–≤–æ–≥–æ –≤ Rails 4 http://t.co/1rqFsALe32,yes
305381649183543000,2013-02-23 18:20:33 +0000,volcanotonga,"–ß–µ—Ç–≤—ë—Ä—Ç–∞—è –≤–µ—Ä—Å–∏—è —Ñ—Ä–µ–π–º–≤–æ—Ä–∫–∞ Ruby on Rails —É–∂–µ –Ω–µ –∑–∞ –≥–æ—Ä–∞–º–∏. –•–æ—Ç—è –æ—Ñ–∏—Ü–∏–∞–ª—å–Ω–æ–π –¥–∞—Ç—ã —Ä–µ–ª–∏–∑–∞ –µ—â–µ –Ω–µ—Ç, –º–Ω–æ–≥–∏–µ –æ–∂–∏–¥–∞—é—Ç... http://t.co/m2jklp1nEp",yes
305381543264780000,2013-02-23 18:20:08 +0000,codigofacilito,RT @Uriel_Hedz: ¬øCu√°l es el framework de PHP m√°s parecido a Rails?,yes
305381523627074000,2013-02-23 18:20:03 +0000,Uriel_Hedz,¬øCu√°l es el framework de PHP m√°s parecido a Rails?,yes
305381502340977000,2013-02-23 18:19:58 +0000,RandomJazz,the rails that hold it up bent,no
305381448892957000,2013-02-23 18:19:45 +0000,theRobertPagan,Watching rail jam is making me want to learn how to ski rails so I can compete next year.,no
305381238355657000,2013-02-23 18:18:55 +0000,jfalch,"Looking for a Ruby on Rails Web Developer in Madison, WI http://t.co/evOAg0aViU #job",yes
305381218315272000,2013-02-23 18:18:50 +0000,RandomJazz,the rails that hold its up bent,no
305381175130735000,2013-02-23 18:18:40 +0000,technohipster,"Anyone have a macbook you want to git rid of? Looking for a used book, pro, or air for Rails dev.",yes
305381164854686000,2013-02-23 18:18:38 +0000,footync,"More ""sky is falling"" bs :( ‚Äú@CarolinaCates: @cecilbothwell 'course that @timmoffitt comment was off the rails. Accidents happen, I guess.‚Äù",no
305380981064487000,2013-02-23 18:17:54 +0000,vsakaria,"It's the weekend, I'm going to see my mates and all I want to talk about is #ruby on #rails #makersacademy is killing my social life!",yes
305380577861849000,2013-02-23 18:16:18 +0000,patmoudy,RT @Wanderer19: French President Rails Against ‚ÄòAusterity Without End‚Äô http://t.co/vwUU7AO8Ly via @thinkprogress,no
305380519724597000,2013-02-23 18:16:04 +0000,rezaahmeds,Rails by the Reeds ¬© Mark Sylvester  ¬Æ #photography #nature #tourism http://t.co/pcGFqpANK2,no
305380462262620000,2013-02-23 18:15:50 +0000,Tounkara_Alpha,"On connait l'son c'est l'notre, c'est pas un autre hein
 Sniff des rails un train peut cacher un autre hein",no
305380429953892000,2013-02-23 18:15:42 +0000,davetron5000,"@h_yeomans Rule I've heard is that lib contains things that could be extracted and app is stuff that uses rails, so app/services might work",yes
305380340665549000,2013-02-23 18:15:21 +0000,Liespoli,Gooi uw papieren NS-kaartje niet achteloos weg. Stel je voor dat het op de rails valt.,no
305380313570365000,2013-02-23 18:15:15 +0000,scaryduck,@ajhmurray Unscrew hand rails. Screw two together to create a spout that will fill kettle. You have passed Mensa's secret field examination,no
305380300572201000,2013-02-23 18:15:12 +0000,radiomorillo,Working on routes and controllers @flatironschool #rails #ruby http://t.co/NKtIQsm77M,yes
305380258599805000,2013-02-23 18:15:01 +0000,CarolinaCates,"@cecilbothwell 'course that @timmoffitt comment was off the rails. Accidents happen, I guess.",no
305379892315435000,2013-02-23 18:13:34 +0000,robinzachariahs,RT @fossmeet: Ruby on Rails web app hack by @coder_hsps at #FOSSMeet hacknight. http://t.co/OP4nT1r06l,yes
305379878046417000,2013-02-23 18:13:31 +0000,bessnorm,Just scanned my hand. Off the fucking rails me http://t.co/J8pvCnI80O,no
305379813567377000,2013-02-23 18:13:15 +0000,Nilsolini,det var rail-konkurranse p√• snowboard p√• Tryvann i dag. Terje H√•konsen svingte forbi men synes rails var litt for rollerblades & gled videre,no
305379463091327000,2013-02-23 18:11:52 +0000,smadams44,"The waves where good to day but I didn't go in because im loose, im off the rails cunt",no
305379417495073000,2013-02-23 18:11:41 +0000,keydunov,"RT @spbhackday: –ù–∞—à–∏ –¥–∏–∑–∞–π–Ω–µ—Ä—ã –æ—Ç–∫—Ä–µ—â–∏–≤–∞—é—Ç—Å—è –æ—Ç –≤–µ—Ä—Å—Ç–∫–∏, –∞ 37signals –æ–Ω–∏ –ø–∏—à—É—Ç –∫–æ–¥! –ù–∞ Ruby –∏ JavaScript! http://t.co/2astPmqcOA",yes
305379293461111000,2013-02-23 18:11:11 +0000,nuHrep,#habr –ß—Ç–æ –Ω–æ–≤–æ–≥–æ –≤ Rails 4 http://t.co/pnB7syF6co,yes
305379166541476000,2013-02-23 18:10:41 +0000,OhForPissSake,RT @RedHotSquirrel: Ukip Coming Up on the Rails in Eastleigh 'Two Horse Race' http://t.co/QpWYWy1CWy via @HuffPostUKPol,no
305379019703058000,2013-02-23 18:10:06 +0000,_itsmatthew,Token Based Authentication with Ember.js - (Rails/Devise example too!) https://t.co/Gih4cRpyHb,yes
305379001420087000,2013-02-23 18:10:02 +0000,Heyboysdoit,"RT @yang8: Lang-8„ÅÆÈñãÁô∫„ÇíÊâã‰ºù„Å£„Å¶„Åè„Çå„Çã„Ç¢„É´„Éê„Ç§„Éà„ÅÆ„ÇÑ„Éï„É™„Éº„É©„É≥„Çπ„ÅÆÊñπ„ÇíÂãüÈõÜ„Åó„Å¶„ÅÑ„Åæ„Åô„ÄÇ
Rails„Å®Javascript„Çí‰Ωø„Åà„ÇãÊñπ„Åß„ÄÅ„ÅîËààÂë≥„ÅÆ„ÅÇ„ÇãÊñπ„ÅØinfo@lang-8.jp„ÄÄ„Åæ„Åß„ÅîÈÄ£Áµ°‰∏ã„Åï„ÅÑ„ÄÇ
Ë©≥Á¥∞„Çí„ÅîË™¨ÊòéËá¥„Åó„Åæ„Åô„ÄÇ",yes
305378976895996000,2013-02-23 18:09:56 +0000,t_rob94,Might take the rails off the top.,no
305378594824258000,2013-02-23 18:08:25 +0000,GyulaOlah,PeepCode Screencast | Meet Rails 3 - part i http://t.co/gHzBdBYi3I,yes
305378591250735000,2013-02-23 18:08:24 +0000,GuntherDouglas,"Ruby on Rails Developer ( Multiple Positions!! ) in Denver, CO http://t.co/pHJ6QZqdB5 #job",yes
305378578109968000,2013-02-23 18:08:21 +0000,Wanderer19,French President Rails Against ‚ÄòAusterity Without End‚Äô http://t.co/vwUU7AO8Ly via @thinkprogress,no
305377876214161000,2013-02-23 18:05:34 +0000,fossmeet,Ruby on Rails web app hack by @coder_hsps at #FOSSMeet hacknight. http://t.co/OP4nT1r06l,yes
305377440098836000,2013-02-23 18:03:50 +0000,CyrilHijar,"@AntoineBattut Bravo mec, vous √™tes sur de bons rails. #racing",no
305376948916462000,2013-02-23 18:01:52 +0000,amulligan,https://t.co/QFUnFbv9oy Neat little gem for speeding up loading the Rails environment during development.,yes
305376726496711000,2013-02-23 18:00:59 +0000,TheBigGameHuntr,"Ruby on Rails Tech Leads (#NewYorkCity, NY) http://t.co/HmTpSKkXEU #job",yes
305376722474398000,2013-02-23 18:00:58 +0000,codejobs,Internationalizing your Rails application with i18n http://t.co/FkAmj40Hcr v√≠a @codejobs,yes
305376518975152000,2013-02-23 18:00:10 +0000,cheynewallace,Whats new in Rails 4? http://t.co/NMxFK3mj8m,yes
305376504118931000,2013-02-23 18:00:06 +0000,rails_rt_ja,RT @SuladE: „Å≤„Åï„ÅΩ„Çì on rails,yes
305376500197237000,2013-02-23 18:00:05 +0000,rails_rt_ja,RT @RoRManiaJP: Rails„Å®AIR„Åß‰ΩúÊàê„Åô„ÇãÁîªÂÉè„ÅÆRevolverË°®Á§∫ÔºàÂæåÁØáÔºâ http://t.co/nXGtCu7kg7,yes
305376489430450000,2013-02-23 18:00:03 +0000,CanYouRecommend,#CYR @Juev RT @goshakkk: Know of anyone looking for a developer? Can you recommend me please? #ruby #rails #emberjs #mongodb me@goshakkk.na,yes
305376486460899000,2013-02-23 18:00:02 +0000,Derekusc,"Rovi Corporation is looking for: Ruby on Rails Developer
http://t.co/ZAbo9cHZ6h #job",yes
305376285855740000,2013-02-23 17:59:14 +0000,pengwynn,Rails-style nested params are nice for forms but they hurt my eyes in a public HTTP API.,yes
305376149989630000,2013-02-23 17:58:42 +0000,vompyy,"Now that I've worked with a few languages, it's finally time to dive in #ruby. Mainly to try #rails #SaSS #compass",yes
305376141479391000,2013-02-23 17:58:40 +0000,teamSteer,Got an idea for a web app? Learn Ruby on Rails in a week at http://t.co/BjXgx7nasB,yes
305376076954214000,2013-02-23 17:58:25 +0000,GoodWinRu,–ß—Ç–æ –Ω–æ–≤–æ–≥–æ –≤ Rails 4 http://t.co/lRjNeQLTue #habrahabr #hh #—Ç–µ—Ö–Ω–æ–ª–æ–≥–∏–∏ #RT #follow #followback #ru_ff,yes
305375926814912000,2013-02-23 17:57:49 +0000,teamSteer,Got an idea for a web app? Learn Ruby on Rails in 5 days at http://t.co/BjXgx7nasB,yes
305375856052818000,2013-02-23 17:57:32 +0000,deepcell,Grab Search Parameters from Ransack Gem Rails 3: I am using Ransack Search Gem for Rails3. Is there a way to g... http://t.co/NKdKhF8xiO,yes
305375820682252000,2013-02-23 17:57:23 +0000,dieguirails,Look what I just found on #SoundCloud:  http://t.co/87l7ejMp1d on #SoundCloud,no
305375791095632000,2013-02-23 17:57:16 +0000,RoRManiaJP,Rails„Å®AIR„Åß‰ΩúÊàê„Åô„ÇãÁîªÂÉè„ÅÆRevolverË°®Á§∫ÔºàÂæåÁØáÔºâ http://t.co/nXGtCu7kg7,yes
305375747533595000,2013-02-23 17:57:06 +0000,teamSteer,Got an idea for a startup? Learn Ruby on Rails in 5 days at http://t.co/BjXgx7nasB,yes
305375601638912000,2013-02-23 17:56:31 +0000,AugustRoper,The coming into being as for demantoid next to rails mythos: .sZw,no
305375538963436000,2013-02-23 17:56:16 +0000,rapzaal,"RT @elmarreizen: Job opportunity: Ruby on Rails/JavaScript developer - Ams at Elmar Reizen - Amsterdam Area, Netherlands #jobs http://t.co/KWl0yLWP",yes
305375501667672000,2013-02-23 17:56:07 +0000,dnzRoR,"#RoR #job - Clone this site and concept - MySQL PHP Ruby on Rails AJAX ($1,000 - 5,000) - http://t.co/oYmqLUQVoC #jobs",yes
305375474387915000,2013-02-23 17:56:01 +0000,MarlaWynn1,Love how I automatically find myself walking to the sale rails haha,no
305375456075600000,2013-02-23 17:55:56 +0000,dadepo,"RT @redditJava: Rails, You Have Turned into Java. Congratulations! http://t.co/puOCBal8V9",yes
305375406284997000,2013-02-23 17:55:45 +0000,teamSteer,Got an idea for a startup? Learn Ruby on Rails in 5 days at http://t.co/BjXgx7nasB,yes
305375355752030000,2013-02-23 17:55:33 +0000,m_habrahabr,"–ß—Ç–æ –Ω–æ–≤–æ–≥–æ –≤ Rails 4 http://t.co/3itDqzc4Pp
#habr http://t.co/dC4dY0oRbT",yes
305375335149605000,2013-02-23 17:55:28 +0000,Juev,RT @goshakkk: Know of anyone looking for a developer? Can you recommend me please? #ruby #rails #emberjs #mongodb me@goshakkk.name,yes
305375290786472000,2013-02-23 17:55:17 +0000,teamSteer,Got an idea for a tech product? Learn Ruby on Rails in 5 days at http://t.co/BjXgx7nasB,yes
305375218787041000,2013-02-23 17:55:00 +0000,teamSteer,Got an idea for your own tech product? Learn Ruby on Rails in 5 days at http://t.co/BjXgx7nasB,yes
305375203486233000,2013-02-23 17:54:56 +0000,fknappe,RT @smashingmag: Open Source Rails: a curated repository of open source Rails projects - http://t.co/sgZrZ2X2Wg,yes
305375036007657000,2013-02-23 17:54:17 +0000,OTR_online,"Eric has truly gone ""Off The Rails"". Are you going too? Tickets - http://t.co/OXImvEfsyU #OTR6 http://t.co/WJKsSdHIOo",no
305374906391093000,2013-02-23 17:53:45 +0000,firefighter8597,RT @PatDollard: Ex Secret Service Agent and Former Maryland Senate Candidate Rails Against Gun Control http://t.co/zWmleimqgr #tcot,no
305374860228571000,2013-02-23 17:53:34 +0000,L_Scally,"@_GrahamNewton Familiar with RUBY rails?! Need hands, can instruct provided you know the basics. Lots of $$$$$ available haha",yes
305374748739793000,2013-02-23 17:53:08 +0000,kalayla_jayde,Going off the rails on a crazy train .,no
305374641847931000,2013-02-23 17:52:42 +0000,_itsmatthew,@blangslet Hell yeah! Very soon we'll be embarking on a large scale Ember.JS / Rails project. Can you follow so I can DM?,yes
305374630510752000,2013-02-23 17:52:40 +0000,digitsinmotion,"While we specialize in Microsoft Technologies, we're working with a team of Ruby on Rails developers at #govathon today. We present at 3pm.",yes
305374419843416000,2013-02-23 17:51:49 +0000,h_yeomans,"Hello @davetron5000 I read you article about SRP on rails, just one question were would you put the classes not related to rails? lib?",yes
305374317401739000,2013-02-23 17:51:25 +0000,mindspringptnrs,"Ruby On Rails Developer in Boston, MA http://t.co/Lxqjdu8vLZ #job",yes
305374012631036000,2013-02-23 17:50:12 +0000,Achraf_28,@Karim_MUGIWARA a 19h avance vers les rails stp igo!,no
305373855067816000,2013-02-23 17:49:35 +0000,KieranJonesBMX,forever getting my pegs caught under rails #BMXproblems,no
305373772075114000,2013-02-23 17:49:15 +0000,orbanbotond,@orbanbotond ohhh.... I thought that IT is absolut the upcoming Rails 4. ... :(,yes
305373628084662000,2013-02-23 17:48:41 +0000,ElvinMcgovern,Apparatus my humble self libido over against place nigh irate cure rails: .WCz http://t.co/xtPUc9kCPf,no
305373481359536000,2013-02-23 17:48:06 +0000,goshakkk,Know of anyone looking for a developer? Can you recommend me please? #ruby #rails #emberjs #mongodb me@goshakkk.name,yes
305373363189203000,2013-02-23 17:47:38 +0000,treyconnell,Ruby on Rails A/B Testing framework: http://t.co/ZPBWpmU783 cc: @brewern @rjkaes #BarcampConway,yes
305373213607752000,2013-02-23 17:47:02 +0000,hisa_his,RT @SuladE: „Å≤„Åï„ÅΩ„Çì on rails,yes
305373157349532000,2013-02-23 17:46:48 +0000,SuladE,„Å≤„Åï„ÅΩ„Çì on rails,yes
305373147350315000,2013-02-23 17:46:46 +0000,rakuraku1ban,„É¨„Éá„Ç£„Éº„Çπ„Éï„Ç°„ÉÉ„Ç∑„Éß„É≥ÈÉ®ÈñÄÁ¨¨28‰Ωç[Ê¨°Âõû„ÅÆÈñãÂÇ¨„ÅØ28Êó•(Êú®)20ÊôÇ„Äú4ÊôÇÈñìÈôêÂÆö]„É¨„Ç§„É´„Ç∫ Rails „ÉÅ„Çß„ÉÉ„ÇØ„Ç∑„É£„ÉÑ Kendra Bottondown Sh... #Ê•ΩÂ§© #rakuten http://t.co/d119kMx25Q,yes
305372910036603000,2013-02-23 17:45:49 +0000,ssms54,"Âéü‰æÜ‰Ω†‰πüÊúâËÅΩÈÄôÂÄã. Âç≥Â∏≠demoÁû¨ÈñìÂæóÂà∞ÂæàÂ§ö, ‰πãÂâçÈÇÑ‰∏çÁü•ÈÅìrailsÂ∏∏Áî®‰ΩúÁîöÈ∫º. ‰∏ÄË™™php,ÂÜçÁúãÂà∞source folderÊúâMVCÂç≥ÂàªÊúâË≠ú RT: @b123400: @ssms54 @vincicat ÂêåÊÑèÔºÅÊúâÂÄã‰øÇrails+angularÂêårails+fayeÔºåÂπæÊ≠£ÔºÅ",yes
305372770240455000,2013-02-23 17:45:16 +0000,smartssa,@SamMaggs @via_rail sucks. They're @AirCanada on rails. #badservice #rude,no
305372430183047000,2013-02-23 17:43:55 +0000,colbyatx,#rails all day. never stop learning,no
305372212783895000,2013-02-23 17:43:03 +0000,nathansmith,"@davereid @nadavoid @nevinlyne See also: Drupal, Ruby on Rails‚Ä¶ Curated across great distances. Yahoo is quickly becoming (more) irrelevant.",yes
305372039244558000,2013-02-23 17:42:22 +0000,chelse_o,RT @RetroRoseTweets: Don't forget to pop down to The Tea Bar this time next week  to have a cup of tea and cake and browse our rails! Xx,no
305371839549563000,2013-02-23 17:41:34 +0000,NomadPubMpls,"FC Nomad Bender hour is still ON!! Till 3:00 p.m.  $3 Selects micro brew taps, rails and domestics.   Giant Jenga is a crashin!",no
305371677418725000,2013-02-23 17:40:56 +0000,BobbyBGood,Look what I found on @eBay! http://t.co/ljct04JXPM,no
305371633110106000,2013-02-23 17:40:45 +0000,webcoderph,"‚Äú@railsgirlsMLA: Looking for Learning Resources on Ruby and Rails?

:) http://t.co/MtTAq89s75 http://t.co/x88xzKPoen‚Äù nice lists",yes
305371381095354000,2013-02-23 17:39:45 +0000,rezaahmeds,Rails by the Reeds ¬© Mark Sylvester  ¬Æ #photography #nature #tourism http://t.co/TA9djnM316,no
305371236836442000,2013-02-23 17:39:11 +0000,teamSteer,Got an idea for a tech product? Learn Ruby on Rails in a week at http://t.co/BjXgx7nasB,yes
305371221569192000,2013-02-23 17:39:07 +0000,skoraRunning,"@BarefootAngieB Yeah, if you can do it, ""meditative running"" on a treadmill can be relaxing. Just watch out for the side rails ;)",no
305371138723303000,2013-02-23 17:38:47 +0000,elenagilbert_o,@SalvatoreTVDer RL: do you want Jeremy to die? Because I want to see Elena off the rails in our RP :),no
305371009651986000,2013-02-23 17:38:16 +0000,Jode_ski,Apologising for something you haven't.done just to keep people from going off the rails yet still getting bitched at is horrible.,no
305370789908206000,2013-02-23 17:37:24 +0000,teamSteer,Got an idea for a startup? Learn Ruby on Rails in a week at http://t.co/BjXgx7nasB,yes
305370513927188000,2013-02-23 17:36:18 +0000,ThatKydHousley,I'm off the rails b,no
305370218266513000,2013-02-23 17:35:08 +0000,railsbridge,"RT @code_dependant: @railsbridge with some @IS_global peeps, teaching them about the awesomeness that is rails",yes
305370033113149000,2013-02-23 17:34:24 +0000,Lonqmore,"@Rexo24 When your team plays as bad as we did last week, you should go off the rails.. We were terrible! Was like having Gannon back",no
305370026863645000,2013-02-23 17:34:22 +0000,teamSteer,Got an idea for a tech product? Learn Ruby on Rails in a week ‚Üí steer.me,yes
